,Name,Run_ID,Avg RHL (mm),Max RHL (mm),Min RHL (mm),Total RHD (mm^{2}),Max RHL Segment Delta (mm),Max RHL Segment Delta Pos (mm),Max RHD Segment Delta (mm),Max RHD Segment Delta Pos (mm),Elongation Zone Distance (mm),Elongation Zone Start (mm),Elongation Zone Stop (mm),Elongation Zone Gradient,Root Thickness (mm),Root Length (mm)
0,alchemy_0005,Alchemy,1.5033539731682148,2.3921568627450984,0.0,39.927720107650906,1.8627450980392157,14.901960784313726,0.3462129950019223,14.901960784313726,6.2745098039215685,0.9803921568627451,7.254901960784314,0.3040426556698521,0.9626225490196079,14.901960784313726
0,alchemy_0004,Alchemy,1.3939557474365893,2.1519607843137254,0.0,52.45857362552864,0.980392156862745,21.372549019607842,0.2171280276816609,21.372549019607842,6.862745098039214,1.3725490196078431,8.235294117647058,0.2868103245553702,0.8881461675579323,21.372549019607842
0,alchemy_0006,Alchemy,1.3074921326555313,2.122549019607843,0.0,36.75259515570934,1.2352941176470589,15.882352941176471,0.26412918108419836,15.882352941176471,8.23529411764706,0.19607843137254902,8.431372549019608,0.22134150923713286,0.7370242214532872,15.882352941176471
0,alchemy_0008,Alchemy,1.2045098039215687,1.8186274509803921,0.0,20.924163783160324,0.5588235294117647,7.450980392156863,0.06766628219915416,7.647058823529412,2.9411764705882355,1.5686274509803921,4.509803921568627,0.5392410075814571,0.7470588235294118,9.803921568627452
0,alchemy_0001,Alchemy,1.6582963374028856,2.269607843137255,0.0,60.63062283737024,1.1862745098039218,10.980392156862745,0.2233756247597078,10.980392156862745,5.686274509803921,1.3725490196078431,7.0588235294117645,0.36581414370187926,0.9467787114845938,20.784313725490197
0,alchemy_0003,Alchemy,1.6004331965344278,2.7107843137254903,0.0,48.44213763936948,2.049019607843137,16.862745098039216,0.36880046136101496,16.862745098039216,4.313725490196078,0.39215686274509803,4.705882352941177,0.42377724184994625,1.0659041394335513,16.862745098039216
0,alchemy_0007,Alchemy,1.260049019607843,1.8088235294117647,0.0,34.925990003844674,1.0784313725490198,5.490196078431373,0.21405228758169936,5.490196078431373,3.9215686274509807,0.9803921568627451,4.901960784313726,0.3956091786094295,0.7064950980392157,15.686274509803921
