{
    "foreground_intensity_properties_per_channel": {
        "0": {
            "max": 255.0,
            "mean": 119.01206970214844,
            "median": 129.0,
            "min": 0.0,
            "percentile_00_5": 0.0,
            "percentile_99_5": 255.0,
            "std": 68.27008819580078
        },
        "1": {
            "max": 255.0,
            "mean": 118.76466369628906,
            "median": 129.0,
            "min": 0.0,
            "percentile_00_5": 0.0,
            "percentile_99_5": 253.0,
            "std": 67.1668472290039
        },
        "2": {
            "max": 255.0,
            "mean": 116.78225708007812,
            "median": 126.0,
            "min": 0.0,
            "percentile_00_5": 0.0,
            "percentile_99_5": 248.0,
            "std": 66.8215560913086
        }
    },
    "median_relative_size_after_cropping": 1.0,
    "shapes_after_crop": [
        [
            1,
            1520,
            2029
        ],
        [
            1,
            1520,
            2028
        ],
        [
            1,
            1520,
            2029
        ],
        [
            1,
            1520,
            2028
        ],
        [
            1,
            1520,
            2028
        ],
        [
            1,
            1520,
            2029
        ],
        [
            1,
            1520,
            2029
        ],
        [
            1,
            1520,
            2029
        ],
        [
            1,
            1520,
            2029
        ],
        [
            1,
            1512,
            2688
        ],
        [
            1,
            1512,
            2688
        ],
        [
            1,
            1520,
            2028
        ],
        [
            1,
            1520,
            2028
        ],
        [
            1,
            1520,
            2028
        ],
        [
            1,
            1520,
            2028
        ],
        [
            1,
            1520,
            2028
        ],
        [
            1,
            1520,
            2028
        ],
        [
            1,
            1520,
            2028
        ],
        [
            1,
            1520,
            2028
        ],
        [
            1,
            1520,
            2028
        ],
        [
            1,
            1520,
            2028
        ],
        [
            1,
            1520,
            2028
        ],
        [
            1,
            1520,
            2028
        ],
        [
            1,
            1520,
            2028
        ],
        [
            1,
            1520,
            2028
        ],
        [
            1,
            1520,
            2028
        ],
        [
            1,
            1520,
            2028
        ],
        [
            1,
            1520,
            2028
        ],
        [
            1,
            1520,
            2028
        ],
        [
            1,
            1520,
            2028
        ],
        [
            1,
            1520,
            2028
        ],
        [
            1,
            1520,
            2028
        ],
        [
            1,
            1520,
            2028
        ],
        [
            1,
            1520,
            2028
        ],
        [
            1,
            1520,
            2028
        ],
        [
            1,
            1520,
            2028
        ],
        [
            1,
            1520,
            2028
        ],
        [
            1,
            1520,
            2028
        ],
        [
            1,
            1520,
            2028
        ],
        [
            1,
            1520,
            2028
        ],
        [
            1,
            1520,
            2028
        ],
        [
            1,
            1520,
            2028
        ],
        [
            1,
            1520,
            2028
        ],
        [
            1,
            1520,
            2028
        ],
        [
            1,
            1520,
            2028
        ],
        [
            1,
            1520,
            2028
        ],
        [
            1,
            1520,
            2028
        ],
        [
            1,
            1520,
            2028
        ],
        [
            1,
            1520,
            2028
        ],
        [
            1,
            1520,
            2028
        ],
        [
            1,
            1520,
            2028
        ],
        [
            1,
            1520,
            2028
        ],
        [
            1,
            1520,
            2028
        ],
        [
            1,
            1520,
            2028
        ],
        [
            1,
            1520,
            2028
        ],
        [
            1,
            1512,
            2688
        ],
        [
            1,
            1512,
            2688
        ],
        [
            1,
            1512,
            2688
        ],
        [
            1,
            1512,
            2688
        ],
        [
            1,
            1512,
            2688
        ],
        [
            1,
            1512,
            2688
        ],
        [
            1,
            1512,
            2688
        ],
        [
            1,
            1512,
            2688
        ],
        [
            1,
            2688,
            1512
        ],
        [
            1,
            2688,
            684
        ],
        [
            1,
            2022,
            754
        ],
        [
            1,
            1520,
            2028
        ],
        [
            1,
            1520,
            2028
        ],
        [
            1,
            1520,
            2028
        ],
        [
            1,
            1520,
            2028
        ],
        [
            1,
            1520,
            2028
        ],
        [
            1,
            1520,
            2028
        ]
    ],